id1,timeindex,alpha
1,1,0.0143940988928
2,1,-0.859985649586
3,1,0.343313694
1,2,0.108488239348
2,2,-0.477744847536
3,2,0.855192065239
1,3,0.994701325893
2,3,-0.727712035179
3,3,-0.468650996685
1,4,-0.153249263763
2,4,0.253899008036
3,4,-0.559514343739
1,5,0.850871920586
2,5,-0.89230465889
3,5,0.310638785362
1,6,-0.0391767248511
2,6,0.999917268753
3,6,-0.0854260995984
